{
  "train_losses": [
    1.6636967913618366,
    1.4926656727651948,
    1.3419636800451187,
    1.1971875868954704,
    1.0955239389706584,
    1.033582014366261,
    0.9719103956685483,
    0.9111952150909646,
    0.8588787253620556,
    0.8270530052555417,
    0.7924714944895032,
    0.7502569686440588,
    0.7393484914187088,
    0.702499653529195,
    0.6763241620897089,
    0.6531231553809157,
    0.6255918657316745,
    0.5628043233769612,
    0.5291480035747139,
    0.5092224448340611,
    0.48337248401734434,
    0.47429984923705315,
    0.4496004274747904,
    0.41885399406106727,
    0.3990596751275572,
    0.3824142250910546,
    0.37520251415886924,
    0.3595371835150765,
    0.35970717957876264,
    0.33741198747771456
  ],
  "train_accuracies": [
    33.36877278250304,
    40.43134872417983,
    47.12940461725395,
    55.953827460510325,
    61.10267314702308,
    63.350546780072904,
    66.52490886998785,
    69.91190765492102,
    71.7041312272175,
    73.01032806804375,
    74.33171324422844,
    75.53159173754557,
    76.80741190765492,
    78.21992709599029,
    79.05528554070474,
    80.07290400972053,
    80.8778857837181,
    83.42952612393681,
    84.65978128797084,
    85.6318347509113,
    86.49756986634264,
    86.8924665856622,
    87.89489671931956,
    89.15552855407047,
    89.89975698663426,
    90.05164034021871,
    90.59842041312272,
    90.9629404617254,
    91.00850546780073,
    91.91980558930742
  ],
  "val_losses": [
    1.5538985087321355,
    1.4781351410425627,
    1.3162358540755053,
    1.2259732163869417,
    1.1424403328161974,
    1.117951484826895,
    1.1385366412309499,
    1.0468418942048,
    1.0428093190376575,
    1.0312201472429128,
    1.0242457366906679,
    1.051302698942331,
    1.036584122822835,
    1.0847976482831514,
    1.0857785710921655,
    1.0715693258322203,
    1.0999437868595123,
    1.0806044592307165,
    1.1254822795207684,
    1.0991891484994154,
    1.1641763632114117,
    1.1524612857745244,
    1.1712578603854547,
    1.2010978299837847,
    1.2342655475323017,
    1.2610256328032567,
    1.2850346565246582,
    1.3155217629212599,
    1.325396668452483,
    1.3430735996136298
  ],
  "val_accuracies": [
    38.7370977534912,
    39.28354584092289,
    49.66605950212507,
    54.70552519732848,
    58.65209471766849,
    61.687917425622345,
    62.96296296296296,
    64.54159077109897,
    64.23800850030358,
    65.7559198542805,
    64.7237401335762,
    65.57377049180327,
    64.11657559198542,
    63.69156041287189,
    65.87735276259866,
    65.08803885853067,
    65.87735276259866,
    65.63448694596235,
    65.87735276259866,
    65.93806921675774,
    66.24165148755313,
    64.7237401335762,
    65.02732240437159,
    65.81663630843958,
    65.02732240437159,
    64.78445658773528,
    64.84517304189436,
    64.66302367941712,
    64.11657559198542,
    64.54159077109897
  ],
  "learning_rates": [
    0.002,
    0.002,
    0.002,
    0.002,
    0.002,
    0.002,
    0.002,
    0.002,
    0.002,
    0.002,
    0.002,
    0.002,
    0.002,
    0.002,
    0.002,
    0.002,
    0.002,
    0.001,
    0.001,
    0.001,
    0.001,
    0.001,
    0.001,
    0.0005,
    0.0005,
    0.0005,
    0.0005,
    0.0005,
    0.0005,
    0.00025
  ],
  "best_accuracy": 66.24165148755313,
  "training_time": 19.063238859176636,
  "model_params": {
    "input_size": 100,
    "hidden_size": 64,
    "num_layers": 1,
    "num_classes": 6,
    "dropout": 0.2,
    "learning_rate": 0.002,
    "batch_size": 64,
    "num_epochs": 30,
    "weight_decay": 0.0001,
    "optimizer": "adam",
    "scheduler": "reduce_lr_on_plateau",
    "gradient_clipping": 1.0
  }
}