Model,Test Accuracy,Precision (Macro),Recall (Macro),F1-Score (Macro),Training Time (s),Parameters,Epochs,Hidden Size,Num Layers
RNN (Enhanced),0.6290224650880388,0.6468168868959504,0.6217309078316409,0.6325098475659577,51.588497161865234,63623,40,128,2
BiLSTM (Optimized),0.6454159077109897,0.6536633688990198,0.6595057839640301,0.656115086947295,19.063238859176636,85766,30,64,1
