{
  "train_losses": [
    1.7856134795448155,
    1.782418524756015,
    1.633251040884592,
    1.3522213182403047,
    1.2415267992945551,
    1.1803199825356308,
    1.1332422642453204,
    1.1108730756542058,
    1.0708495494231438,
    1.0594558796836335,
    1.026358434586849,
    1.0031446557021835,
    0.983627907570126,
    0.9619873458320655,
    0.9313469297677568,
    0.9203866210956018,
    0.8958945549228816,
    0.8748424166035884,
    0.8427626808870186,
    0.8341895353446886,
    0.8148676006539354,
    0.7570054039214421,
    0.7389436960220337,
    0.72188781650321,
    0.7110776548246736,
    0.702840673981361,
    0.6922270930507808,
    0.6844850492130206,
    0.6765588938611226,
    0.6684051506148959,
    0.6625149053277322,
    0.6562602826692525,
    0.636884291484518,
    0.627320579822781,
    0.6221302530719238,
    0.6196073041957559,
    0.6163810346890422,
    0.6141441606202171,
    0.6119693780987008,
    0.6099103098934137
  ],
  "train_accuracies": [
    18.058930741190764,
    19.866342648845688,
    38.745443499392465,
    56.50060753341434,
    62.01397326852977,
    65.67436208991495,
    68.31713244228433,
    69.62332928311056,
    71.78007290400971,
    72.34204131227217,
    73.7089914945322,
    74.89368165249088,
    75.77460510328068,
    76.95929526123936,
    79.02490886998785,
    79.55650060753341,
    81.10571081409478,
    82.00182260024302,
    83.99149453219927,
    83.80923450789794,
    85.3280680437424,
    88.59356014580801,
    89.68712029161604,
    90.84143377885783,
    91.2363304981774,
    91.78311057108141,
    92.6944106925881,
    92.36026731470231,
    93.21081409477522,
    93.28675577156744,
    93.86391251518833,
    94.19805589307411,
    95.17010935601458,
    95.42831105710815,
    95.92952612393681,
    95.92952612393681,
    96.1269744835966,
    96.35479951397326,
    96.23329283110571,
    96.23329283110571
  ],
  "val_losses": [
    1.7798538253857539,
    1.7763496866592994,
    1.4654938303507292,
    1.2733419904342065,
    1.2199126940507155,
    1.2228244222127473,
    1.2090781124738545,
    1.2100328356027603,
    1.2052244922289481,
    1.1972719900883162,
    1.20108827490073,
    1.2044792461853762,
    1.2496867237182765,
    1.2395478991361766,
    1.2613440912503462,
    1.262761184802422,
    1.271231078184568,
    1.2997595621989324,
    1.318565689600431,
    1.327172027184413,
    1.336897726242359,
    1.358543303150397,
    1.3477855370594904,
    1.368707061960147,
    1.3868113309144974,
    1.3863387726820433,
    1.39714108980619,
    1.4017873165699153,
    1.4097582640556188,
    1.4194257935652366,
    1.4359827167712724,
    1.4139276720010316,
    1.4155241388541002,
    1.4285470212881382,
    1.4233512110435045,
    1.4433701324921389,
    1.4381593362643168,
    1.4426613656374125,
    1.44006619315881,
    1.436514974786685
  ],
  "val_accuracies": [
    20.82574377656345,
    23.254401942926535,
    52.64116575591986,
    60.65573770491803,
    63.145112325440195,
    64.05585913782635,
    64.54159077109897,
    64.35944140862173,
    64.23800850030358,
    65.69520340012143,
    65.08803885853067,
    65.87735276259866,
    63.145112325440195,
    64.60230722525804,
    63.02367941712204,
    64.54159077109897,
    64.1772920461445,
    64.66302367941712,
    62.902246508803884,
    62.65938069216758,
    62.11293260473588,
    63.509411050394654,
    63.32726168791743,
    63.63084395871281,
    62.47723132969035,
    62.902246508803884,
    62.41651487553127,
    63.145112325440195,
    62.35579842137219,
    62.5986642380085,
    61.56648451730419,
    62.47723132969035,
    62.65938069216758,
    62.41651487553127,
    62.537947783849425,
    61.991499696417726,
    63.20582877959927,
    62.5986642380085,
    62.17364905889496,
    62.902246508803884
  ],
  "learning_rates": [
    1e-06,
    1e-06,
    0.00033400000000000004,
    0.0006670000000000001,
    0.001,
    0.001,
    0.001,
    0.001,
    0.001,
    0.001,
    0.001,
    0.001,
    0.001,
    0.001,
    0.001,
    0.001,
    0.001,
    0.001,
    0.001,
    0.001,
    0.001,
    0.0005,
    0.0005,
    0.0005,
    0.0005,
    0.0005,
    0.0005,
    0.0005,
    0.0005,
    0.0005,
    0.0005,
    0.0005,
    0.00025,
    0.00025,
    0.00025,
    0.00025,
    0.00025,
    0.00025,
    0.00025,
    0.00025
  ],
  "best_accuracy": 65.87735276259866,
  "training_time": 51.588497161865234,
  "model_params": {
    "input_size": 100,
    "hidden_size": 128,
    "num_layers": 2,
    "num_classes": 6,
    "dropout": 0.3,
    "learning_rate": 0.001,
    "batch_size": 32,
    "num_epochs": 40,
    "weight_decay": 1e-05,
    "optimizer": "adamw",
    "scheduler": "warmup_plateau",
    "label_smoothing": 0.1,
    "gradient_clipping": 2.0,
    "warmup_epochs": 3,
    "warmup_lr": 1e-06
  }
}